insert into BBDD.Transaction (idTransaction, start_datetime, duration_secs, idLog) values (1, '2023-05-28 18:16:16', 52268, null);
insert into BBDD.Transaction (idTransaction, start_datetime, duration_secs, idLog) values (2, '2023-09-11 10:59:51', 24702, null);
insert into BBDD.Transaction (idTransaction, start_datetime, duration_secs, idLog) values (3, '2023-07-18 05:28:13', 40881, null);
insert into BBDD.Transaction (idTransaction, start_datetime, duration_secs, idLog) values (4, '2024-01-07 08:17:40', 6591, null);
insert into BBDD.Transaction (idTransaction, start_datetime, duration_secs, idLog) values (5, '2023-02-10 00:14:44', 23470, 43);
insert into BBDD.Transaction (idTransaction, start_datetime, duration_secs, idLog) values (6, '2023-10-14 23:27:41', 28460, null);
insert into BBDD.Transaction (idTransaction, start_datetime, duration_secs, idLog) values (7, '2023-12-31 19:42:19', 15850, 20);
insert into BBDD.Transaction (idTransaction, start_datetime, duration_secs, idLog) values (8, '2023-05-09 17:41:08', 36283, null);
insert into BBDD.Transaction (idTransaction, start_datetime, duration_secs, idLog) values (9, '2023-06-10 14:18:09', 14132, null);
insert into BBDD.Transaction (idTransaction, start_datetime, duration_secs, idLog) values (10, '2023-12-22 02:19:00', 38806, null);
insert into BBDD.Transaction (idTransaction, start_datetime, duration_secs, idLog) values (11, '2023-08-17 05:12:13', 24451, 8);
insert into BBDD.Transaction (idTransaction, start_datetime, duration_secs, idLog) values (12, '2023-06-02 01:58:09', 60889, null);
insert into BBDD.Transaction (idTransaction, start_datetime, duration_secs, idLog) values (13, '2023-03-28 23:45:02', 37182, null);
insert into BBDD.Transaction (idTransaction, start_datetime, duration_secs, idLog) values (14, '2023-05-15 15:46:34', 58539, 24);
insert into BBDD.Transaction (idTransaction, start_datetime, duration_secs, idLog) values (15, '2023-08-11 14:44:15', 15443, null);
insert into BBDD.Transaction (idTransaction, start_datetime, duration_secs, idLog) values (16, '2023-11-09 01:23:44', 56814, 12);
insert into BBDD.Transaction (idTransaction, start_datetime, duration_secs, idLog) values (17, '2023-05-28 03:14:59', 10724, 33);
insert into BBDD.Transaction (idTransaction, start_datetime, duration_secs, idLog) values (18, '2024-01-07 14:54:15', 44871, 22);
insert into BBDD.Transaction (idTransaction, start_datetime, duration_secs, idLog) values (19, '2023-08-05 22:47:53', 32397, 39);
insert into BBDD.Transaction (idTransaction, start_datetime, duration_secs, idLog) values (20, '2023-07-15 19:51:44', 61222, 8);
insert into BBDD.Transaction (idTransaction, start_datetime, duration_secs, idLog) values (21, '2023-06-29 18:04:22', 7421, null);
insert into BBDD.Transaction (idTransaction, start_datetime, duration_secs, idLog) values (22, '2023-03-04 14:07:59', 14913, null);
insert into BBDD.Transaction (idTransaction, start_datetime, duration_secs, idLog) values (23, '2023-11-21 15:06:16', 6915, null);
insert into BBDD.Transaction (idTransaction, start_datetime, duration_secs, idLog) values (24, '2023-04-04 22:23:55', 772, null);
insert into BBDD.Transaction (idTransaction, start_datetime, duration_secs, idLog) values (25, '2023-08-06 20:26:15', 6113, null);
insert into BBDD.Transaction (idTransaction, start_datetime, duration_secs, idLog) values (26, '2023-02-23 18:25:52', 27974, 34);
insert into BBDD.Transaction (idTransaction, start_datetime, duration_secs, idLog) values (27, '2023-02-14 00:05:04', 33750, 23);
insert into BBDD.Transaction (idTransaction, start_datetime, duration_secs, idLog) values (28, '2023-09-08 10:33:19', 31005, 36);
insert into BBDD.Transaction (idTransaction, start_datetime, duration_secs, idLog) values (29, '2023-11-04 21:55:40', 10660, 37);
insert into BBDD.Transaction (idTransaction, start_datetime, duration_secs, idLog) values (30, '2023-01-15 13:05:49', 63255, null);
insert into BBDD.Transaction (idTransaction, start_datetime, duration_secs, idLog) values (31, '2023-12-04 16:48:13', 44846, null);
insert into BBDD.Transaction (idTransaction, start_datetime, duration_secs, idLog) values (32, '2023-02-22 22:42:28', 7390, null);
insert into BBDD.Transaction (idTransaction, start_datetime, duration_secs, idLog) values (33, '2023-07-23 00:42:09', 49217, null);
insert into BBDD.Transaction (idTransaction, start_datetime, duration_secs, idLog) values (34, '2023-10-15 06:09:50', 60154, null);
insert into BBDD.Transaction (idTransaction, start_datetime, duration_secs, idLog) values (35, '2023-11-10 21:24:14', 35995, null);
insert into BBDD.Transaction (idTransaction, start_datetime, duration_secs, idLog) values (36, '2023-05-03 08:52:11', 3808, null);
insert into BBDD.Transaction (idTransaction, start_datetime, duration_secs, idLog) values (37, '2023-02-10 19:31:12', 25231, null);
insert into BBDD.Transaction (idTransaction, start_datetime, duration_secs, idLog) values (38, '2023-09-22 21:29:38', 51167, 29);
insert into BBDD.Transaction (idTransaction, start_datetime, duration_secs, idLog) values (39, '2023-04-02 06:42:04', 32046, 35);
insert into BBDD.Transaction (idTransaction, start_datetime, duration_secs, idLog) values (40, '2023-03-08 22:20:25', 48360, null);
insert into BBDD.Transaction (idTransaction, start_datetime, duration_secs, idLog) values (41, '2024-01-01 16:57:42', 39950, null);
insert into BBDD.Transaction (idTransaction, start_datetime, duration_secs, idLog) values (42, '2023-11-27 07:46:11', 16067, null);
insert into BBDD.Transaction (idTransaction, start_datetime, duration_secs, idLog) values (43, '2023-08-14 12:45:52', 53065, 29);
insert into BBDD.Transaction (idTransaction, start_datetime, duration_secs, idLog) values (44, '2023-02-04 07:41:49', 20096, null);
insert into BBDD.Transaction (idTransaction, start_datetime, duration_secs, idLog) values (45, '2023-01-16 22:10:09', 55825, 12);
insert into BBDD.Transaction (idTransaction, start_datetime, duration_secs, idLog) values (46, '2023-05-30 09:50:41', 14153, 32);
insert into BBDD.Transaction (idTransaction, start_datetime, duration_secs, idLog) values (47, '2023-12-03 19:32:54', 14281, 36);
insert into BBDD.Transaction (idTransaction, start_datetime, duration_secs, idLog) values (48, '2023-03-04 02:45:34', 64293, null);
insert into BBDD.Transaction (idTransaction, start_datetime, duration_secs, idLog) values (49, '2023-03-30 01:56:51', 52838, null);
insert into BBDD.Transaction (idTransaction, start_datetime, duration_secs, idLog) values (50, '2023-09-15 20:18:34', 11275, null);

insert into BBDD.V2G (idTransaction) values (1);
insert into BBDD.V2G (idTransaction) values (2);
insert into BBDD.V2G (idTransaction) values (3);
insert into BBDD.V2G (idTransaction) values (4);
insert into BBDD.V2G (idTransaction) values (5);
insert into BBDD.V2G (idTransaction) values (6);
insert into BBDD.V2G (idTransaction) values (7);
insert into BBDD.V2G (idTransaction) values (8);
insert into BBDD.V2G (idTransaction) values (9);
insert into BBDD.V2G (idTransaction) values (20);
insert into BBDD.V2G (idTransaction) values (21);
insert into BBDD.V2G (idTransaction) values (22);
insert into BBDD.V2G (idTransaction) values (23);
insert into BBDD.V2G (idTransaction) values (24);
insert into BBDD.V2G (idTransaction) values (25);
insert into BBDD.V2G (idTransaction) values (26);
insert into BBDD.V2G (idTransaction) values (27);
insert into BBDD.V2G (idTransaction) values (28);
insert into BBDD.V2G (idTransaction) values (29);
insert into BBDD.V2G (idTransaction) values (30);

insert into BBDD.Single (idTransaction) values (10);
insert into BBDD.Single (idTransaction) values (11);
insert into BBDD.Single (idTransaction) values (12);
insert into BBDD.Single (idTransaction) values (13);
insert into BBDD.Single (idTransaction) values (14);
insert into BBDD.Single (idTransaction) values (15);
insert into BBDD.Single (idTransaction) values (16);
insert into BBDD.Single (idTransaction) values (17);
insert into BBDD.Single (idTransaction) values (18);
insert into BBDD.Single (idTransaction) values (19);
insert into BBDD.Single (idTransaction) values (31);
insert into BBDD.Single (idTransaction) values (32);
insert into BBDD.Single (idTransaction) values (33);
insert into BBDD.Single (idTransaction) values (34);
insert into BBDD.Single (idTransaction) values (35);
insert into BBDD.Single (idTransaction) values (36);
insert into BBDD.Single (idTransaction) values (37);
insert into BBDD.Single (idTransaction) values (38);
insert into BBDD.Single (idTransaction) values (39);
insert into BBDD.Single (idTransaction) values (40);
insert into BBDD.Single (idTransaction) values (41);
insert into BBDD.Single (idTransaction) values (42);
insert into BBDD.Single (idTransaction) values (43);
insert into BBDD.Single (idTransaction) values (44);
insert into BBDD.Single (idTransaction) values (45);
insert into BBDD.Single (idTransaction) values (46);
insert into BBDD.Single (idTransaction) values (47);
insert into BBDD.Single (idTransaction) values (48);
insert into BBDD.Single (idTransaction) values (49);
insert into BBDD.Single (idTransaction) values (50);

insert into BBDD.Payment (idPayment, datetime, paymentMethod, powerTransferedKW, idTransaction) values (1, '2023-05-14 23:16:32', 'credit card', 34.07, 10);
insert into BBDD.Payment (idPayment, datetime, paymentMethod, powerTransferedKW, idTransaction) values (2, '2023-11-02 00:42:11', 'Google Pay', 59.47, 11);
insert into BBDD.Payment (idPayment, datetime, paymentMethod, powerTransferedKW, idTransaction) values (3, '2023-12-07 16:34:57', 'PayPal', 163.76, 12);
insert into BBDD.Payment (idPayment, datetime, paymentMethod, powerTransferedKW, idTransaction) values (4, '2023-04-30 04:54:44', 'Venmo', 126.2, 13);
insert into BBDD.Payment (idPayment, datetime, paymentMethod, powerTransferedKW, idTransaction) values (5, '2023-12-28 13:52:29', 'debit card', 228.95, 14);
insert into BBDD.Payment (idPayment, datetime, paymentMethod, powerTransferedKW, idTransaction) values (6, '2023-08-30 22:11:38', 'credit card', 52.19, 15);
insert into BBDD.Payment (idPayment, datetime, paymentMethod, powerTransferedKW, idTransaction) values (7, '2023-08-24 10:20:08', 'credit card', 57.9, 16);
insert into BBDD.Payment (idPayment, datetime, paymentMethod, powerTransferedKW, idTransaction) values (8, '2023-09-15 11:18:02', 'PayPal', 190.18, 17);
insert into BBDD.Payment (idPayment, datetime, paymentMethod, powerTransferedKW, idTransaction) values (9, '2023-02-03 15:10:10', 'Venmo', 128.72, 18);
insert into BBDD.Payment (idPayment, datetime, paymentMethod, powerTransferedKW, idTransaction) values (10, '2023-05-27 19:04:54', 'Google Pay', 104.53, 19);
insert into BBDD.Payment (idPayment, datetime, paymentMethod, powerTransferedKW, idTransaction) values (11, '2023-03-13 09:43:10', 'Venmo', 227.26, 31);
insert into BBDD.Payment (idPayment, datetime, paymentMethod, powerTransferedKW, idTransaction) values (12, '2023-02-20 02:12:15', 'debit card', 156.46, 32);
insert into BBDD.Payment (idPayment, datetime, paymentMethod, powerTransferedKW, idTransaction) values (13, '2023-09-12 17:37:54', 'credit card', 200.59, 33);
insert into BBDD.Payment (idPayment, datetime, paymentMethod, powerTransferedKW, idTransaction) values (14, '2023-06-03 17:31:12', 'Google Pay', 42.17, 34);
insert into BBDD.Payment (idPayment, datetime, paymentMethod, powerTransferedKW, idTransaction) values (15, '2023-08-24 10:20:08', 'credit card', 57.9, 35);
insert into BBDD.Payment (idPayment, datetime, paymentMethod, powerTransferedKW, idTransaction) values (16, '2023-09-15 11:18:02', 'PayPal', 190.18, 36);
insert into BBDD.Payment (idPayment, datetime, paymentMethod, powerTransferedKW, idTransaction) values (17, '2023-02-03 15:10:10', 'Venmo', 128.72, 37);
insert into BBDD.Payment (idPayment, datetime, paymentMethod, powerTransferedKW, idTransaction) values (18, '2023-05-27 19:04:54', 'Google Pay', 104.53, 38);
insert into BBDD.Payment (idPayment, datetime, paymentMethod, powerTransferedKW, idTransaction) values (19, '2024-01-10 21:43:35', 'Apple Pay', 135.23, 39);
insert into BBDD.Payment (idPayment, datetime, paymentMethod, powerTransferedKW, idTransaction) values (20, '2023-05-14 23:16:32', 'credit card', 34.07, 40);
insert into BBDD.Payment (idPayment, datetime, paymentMethod, powerTransferedKW, idTransaction) values (21, '2023-11-02 00:42:11', 'Google Pay', 59.47, 41);
insert into BBDD.Payment (idPayment, datetime, paymentMethod, powerTransferedKW, idTransaction) values (22, '2023-12-07 16:34:57', 'PayPal', 163.76, 42);
insert into BBDD.Payment (idPayment, datetime, paymentMethod, powerTransferedKW, idTransaction) values (23, '2023-04-30 04:54:44', 'Venmo', 126.2, 43);
insert into BBDD.Payment (idPayment, datetime, paymentMethod, powerTransferedKW, idTransaction) values (24, '2023-12-28 13:52:29', 'debit card', 228.95, 44);
insert into BBDD.Payment (idPayment, datetime, paymentMethod, powerTransferedKW, idTransaction) values (25, '2023-08-30 22:11:38', 'credit card', 52.19, 45);
insert into BBDD.Payment (idPayment, datetime, paymentMethod, powerTransferedKW, idTransaction) values (26, '2023-08-24 10:20:08', 'credit card', 57.9, 46);
insert into BBDD.Payment (idPayment, datetime, paymentMethod, powerTransferedKW, idTransaction) values (27, '2023-09-15 11:18:02', 'PayPal', 190.18, 47);
insert into BBDD.Payment (idPayment, datetime, paymentMethod, powerTransferedKW, idTransaction) values (28, '2023-02-03 15:10:10', 'Venmo', 128.72, 48);
insert into BBDD.Payment (idPayment, datetime, paymentMethod, powerTransferedKW, idTransaction) values (29, '2023-05-27 19:04:54', 'Google Pay', 104.53, 49);
insert into BBDD.Payment (idPayment, datetime, paymentMethod, powerTransferedKW, idTransaction) values (30, '2023-12-28 13:52:29', 'debit card', 228.95, 50);

insert into BBDD.EV_Owner (idEV_Owner, name, email, energy_provider_customer_id) values (1, 'Cullie Morecombe', 'cmorecombe0@godaddy.com', '369ba101-b6e4-4a01-8690-6f6d647662ab');
insert into BBDD.EV_Owner (idEV_Owner, name, email, energy_provider_customer_id) values (2, 'Felicle Mewha', 'fmewha1@google.cn', 'cdaac524-70cf-4fa6-a9e6-869aa4163c0b');
insert into BBDD.EV_Owner (idEV_Owner, name, email, energy_provider_customer_id) values (3, 'Rycca Kira', 'rkira2@aol.com', '2f45f739-6600-4a31-9197-65b46a6af9b3');
insert into BBDD.EV_Owner (idEV_Owner, name, email, energy_provider_customer_id) values (4, 'Christi McClaurie', 'cmcclaurie3@mit.edu', 'eac63abf-49bf-4a53-b24d-5169ca05d13a');
insert into BBDD.EV_Owner (idEV_Owner, name, email, energy_provider_customer_id) values (5, 'Clovis Berendsen', 'cberendsen4@netscape.com', 'd8b5f70f-e7f2-4b93-b832-b223a0f8bd7f');
insert into BBDD.EV_Owner (idEV_Owner, name, email, energy_provider_customer_id) values (6, 'Shoshana O Sullivan', 'so5@hc360.com', 'a138e196-cc32-434a-bbc9-3cf02f41adb2');
insert into BBDD.EV_Owner (idEV_Owner, name, email, energy_provider_customer_id) values (7, 'Yettie Farmiloe', 'yfarmiloe6@usatoday.com', '090bde46-236c-4cf8-9557-7f6079c40f5d');
insert into BBDD.EV_Owner (idEV_Owner, name, email, energy_provider_customer_id) values (8, 'Knox Ragles', 'kragles7@istockphoto.com', 'c46ef5f7-9602-402c-86f8-ac13c5a545f4');
insert into BBDD.EV_Owner (idEV_Owner, name, email, energy_provider_customer_id) values (9, 'Kamila Kyd', 'kkyd8@meetup.com', '4d1ad1fe-b0c6-4ec9-b952-b6784c8ae0fa');
insert into BBDD.EV_Owner (idEV_Owner, name, email, energy_provider_customer_id) values (10, 'Alameda Isabell', 'aisabell9@cdbaby.com', '6ab17286-cbc3-47a3-ad15-42e539912cfb');
insert into BBDD.EV_Owner (idEV_Owner, name, email, energy_provider_customer_id) values (11, 'Norris Blazewicz', 'nblazewicza@desdev.cn', 'acba89f4-5025-423f-86ec-aed14b3a4c2a');
insert into BBDD.EV_Owner (idEV_Owner, name, email, energy_provider_customer_id) values (12, 'Westley Poupard', 'wpoupardb@tumblr.com', '08ea8a4b-843f-4a47-aa1d-847a760f470d');
insert into BBDD.EV_Owner (idEV_Owner, name, email, energy_provider_customer_id) values (13, 'Any Gonnely', 'agonnelyc@usda.gov', '3a2d83d5-af45-4405-872c-6a140426c55f');
insert into BBDD.EV_Owner (idEV_Owner, name, email, energy_provider_customer_id) values (14, 'Kayle Burdekin', 'kburdekind@squarespace.com', '77d00d13-9584-4bd2-9355-b91a565ab752');
insert into BBDD.EV_Owner (idEV_Owner, name, email, energy_provider_customer_id) values (15, 'Abigale Kalinovich', 'akalinoviche@stanford.edu', '3faf0e30-1f7c-45e1-bf96-c051452ef7cb');

insert into BBDD.EVSE (idEVSE, location, brand, model) values (1, '4 Thierer Way', 'Greenlots', 'TurboCord');
insert into BBDD.EVSE (idEVSE, location, brand, model) values (2, '932 Hauk Hill', 'Blink', 'ClipperCreek HCS-40');
insert into BBDD.EVSE (idEVSE, location, brand, model) values (3, '5 7th Way', 'ChargePoint', 'Home Flex');
insert into BBDD.EVSE (idEVSE, location, brand, model) values (4, '991 Meadow Vale Alley', 'EVBox', 'ClipperCreek HCS-40');
insert into BBDD.EVSE (idEVSE, location, brand, model) values (5, '8167 Summer Ridge Park', 'Greenlots', 'Bosch Power Max 2');
insert into BBDD.EVSE (idEVSE, location, brand, model) values (6, '85579 Northwestern Hill', 'EVgo', 'TurboDX');
insert into BBDD.EVSE (idEVSE, location, brand, model) values (7, '95 Scofield Center', 'Volta', 'Elvi');
insert into BBDD.EVSE (idEVSE, location, brand, model) values (8, '21 Novick Way', 'Blink', 'TurboDX');
insert into BBDD.EVSE (idEVSE, location, brand, model) values (9, '97 Hanover Center', 'Flo', 'TurboDX');
insert into BBDD.EVSE (idEVSE, location, brand, model) values (10, '7498 Badeau Crossing', 'Greenlots', 'Elvi');
insert into BBDD.EVSE (idEVSE, location, brand, model) values (11, '5073 Mesta Avenue', 'ABB', 'ClipperCreek HCS-40');
insert into BBDD.EVSE (idEVSE, location, brand, model) values (12, '55 Laurel Parkway', 'EVgo', 'Home Flex');
insert into BBDD.EVSE (idEVSE, location, brand, model) values (13, '7 Southridge Road', 'Flo', 'Bosch Power Max 2');
insert into BBDD.EVSE (idEVSE, location, brand, model) values (14, '6 Meadow Vale Park', 'Blink', 'VersiCharge');
insert into BBDD.EVSE (idEVSE, location, brand, model) values (15, '5 Pennsylvania Trail', 'Volta', 'Home Flex');
insert into BBDD.EVSE (idEVSE, location, brand, model) values (16, '9015 Di Loreto Park', 'Greenlots', 'JuiceBox');
insert into BBDD.EVSE (idEVSE, location, brand, model) values (17, '8186 Heffernan Crossing', 'EVgo', 'TurboCord');
insert into BBDD.EVSE (idEVSE, location, brand, model) values (18, '77 Norway Maple Court', 'SemaConnect', 'VersiCharge');
insert into BBDD.EVSE (idEVSE, location, brand, model) values (19, '26 American Junction', 'Greenlots', 'Pro 40');
insert into BBDD.EVSE (idEVSE, location, brand, model) values (20, '7938 Loomis Center', 'SemaConnect', 'Bosch Power Max 2');
insert into BBDD.EVSE (idEVSE, location, brand, model) values (21, '80 Monterey Park', 'Volta', 'TurboDX');
insert into BBDD.EVSE (idEVSE, location, brand, model) values (22, '03384 Washington Avenue', 'Electrify America', 'VersiCharge');
insert into BBDD.EVSE (idEVSE, location, brand, model) values (23, '64 Onsgard Place', 'Blink', 'Bosch Power Max 2');
insert into BBDD.EVSE (idEVSE, location, brand, model) values (24, '54 Debs Court', 'ChargePoint', 'Pro 40');
insert into BBDD.EVSE (idEVSE, location, brand, model) values (25, '1 Comanche Court', 'EVgo', 'Home Flex');
insert into BBDD.EVSE (idEVSE, location, brand, model) values (26, '76 Nancy Trail', 'ABB', 'ClipperCreek HCS-40');
insert into BBDD.EVSE (idEVSE, location, brand, model) values (27, '57 Village Green Place', 'SemaConnect', 'Home Flex');
insert into BBDD.EVSE (idEVSE, location, brand, model) values (28, '19448 Starling Trail', 'EVgo', 'Elvi');
insert into BBDD.EVSE (idEVSE, location, brand, model) values (29, '6121 Fulton Court', 'ABB', 'Elvi');
insert into BBDD.EVSE (idEVSE, location, brand, model) values (30, '5 Namekagon Plaza', 'Electrify America', 'TurboCord');
insert into BBDD.EVSE (idEVSE, location, brand, model) values (31, '2 Arapahoe Trail', 'EVBox', 'Elvi');
insert into BBDD.EVSE (idEVSE, location, brand, model) values (32, '843 Roxbury Parkway', 'Flo', 'Pro 40');
insert into BBDD.EVSE (idEVSE, location, brand, model) values (33, '28 Pawling Point', 'Flo', 'JuiceBox');
insert into BBDD.EVSE (idEVSE, location, brand, model) values (34, '92563 Algoma Point', 'Flo', 'Elvi');
insert into BBDD.EVSE (idEVSE, location, brand, model) values (35, '083 Armistice Street', 'Flo', 'ClipperCreek HCS-40');
insert into BBDD.EVSE (idEVSE, location, brand, model) values (36, '85369 Longview Circle', 'SemaConnect', 'Elvi');
insert into BBDD.EVSE (idEVSE, location, brand, model) values (37, '31280 Ridge Oak Court', 'ChargePoint', 'Elvi');
insert into BBDD.EVSE (idEVSE, location, brand, model) values (38, '51 Blue Bill Park Center', 'Flo', 'Bosch Power Max 2');
insert into BBDD.EVSE (idEVSE, location, brand, model) values (39, '6 Buhler Circle', 'EVgo', 'TurboCord');
insert into BBDD.EVSE (idEVSE, location, brand, model) values (40, '941 Cordelia Way', 'Electrify America', 'Bosch Power Max 2');
insert into BBDD.EVSE (idEVSE, location, brand, model) values (41, '160 Dayton Center', 'ChargePoint', 'Pro 40');
insert into BBDD.EVSE (idEVSE, location, brand, model) values (42, '35608 Anniversary Place', 'Volta', 'TurboCord');
insert into BBDD.EVSE (idEVSE, location, brand, model) values (43, '956 Bluejay Alley', 'EVgo', 'Elvi');
insert into BBDD.EVSE (idEVSE, location, brand, model) values (44, '672 Roxbury Crossing', 'ABB', 'TurboDX');
insert into BBDD.EVSE (idEVSE, location, brand, model) values (45, '016 Oriole Pass', 'Electrify America', 'Bosch Power Max 2');
insert into BBDD.EVSE (idEVSE, location, brand, model) values (46, '83201 Menomonie Terrace', 'SemaConnect', 'Elvi');
insert into BBDD.EVSE (idEVSE, location, brand, model) values (47, '9 Victoria Way', 'EVBox', 'Bosch Power Max 2');
insert into BBDD.EVSE (idEVSE, location, brand, model) values (48, '26953 Luster Trail', 'Blink', 'TurboCord');
insert into BBDD.EVSE (idEVSE, location, brand, model) values (49, '939 Fairview Parkway', 'ABB', 'TurboCord');
insert into BBDD.EVSE (idEVSE, location, brand, model) values (50, '808 Drewry Trail', 'Blink', 'TurboCord');
insert into BBDD.EVSE (idEVSE, location, brand, model) values (51, '0390 Weeping Birch Circle', 'Electrify America', 'Pro 40');
insert into BBDD.EVSE (idEVSE, location, brand, model) values (52, '5 Messerschmidt Road', 'ChargePoint', 'TurboCord');
insert into BBDD.EVSE (idEVSE, location, brand, model) values (53, '32150 Corry Way', 'Flo', 'Elvi');
insert into BBDD.EVSE (idEVSE, location, brand, model) values (54, '650 5th Avenue', 'EVgo', 'Home Flex');
insert into BBDD.EVSE (idEVSE, location, brand, model) values (55, '14185 Southridge Way', 'Greenlots', 'Bosch Power Max 2');
insert into BBDD.EVSE (idEVSE, location, brand, model) values (56, '4906 Mitchell Alley', 'ChargePoint', 'Pro 40');
insert into BBDD.EVSE (idEVSE, location, brand, model) values (57, '104 Dahle Terrace', 'ChargePoint', 'Home Flex');
insert into BBDD.EVSE (idEVSE, location, brand, model) values (58, '4 Debra Pass', 'Greenlots', 'Bosch Power Max 2');
insert into BBDD.EVSE (idEVSE, location, brand, model) values (59, '3 Myrtle Center', 'SemaConnect', 'TurboCord');
insert into BBDD.EVSE (idEVSE, location, brand, model) values (60, '37183 La Follette Drive', 'ChargePoint', 'Elvi');

insert into BBDD.Invoice (idInvoice, powerTransferedKW, paymentMethod, idTransaction, idEV_Owner) values (1, 256.55, 'credit card', 1, 1);
insert into BBDD.Invoice (idInvoice, powerTransferedKW, paymentMethod, idTransaction, idEV_Owner) values (2, 126.34, 'credit card', 2, 2);
insert into BBDD.Invoice (idInvoice, powerTransferedKW, paymentMethod, idTransaction, idEV_Owner) values (3, 191.23, 'debit card', 3, 3);
insert into BBDD.Invoice (idInvoice, powerTransferedKW, paymentMethod, idTransaction, idEV_Owner) values (4, 262.56, 'debit card', 4, 4);
insert into BBDD.Invoice (idInvoice, powerTransferedKW, paymentMethod, idTransaction, idEV_Owner) values (5, 283.44, 'Apple Pay', 5, 5);
insert into BBDD.Invoice (idInvoice, powerTransferedKW, paymentMethod, idTransaction, idEV_Owner) values (6, 68.93, 'debit card', 6, 6);
insert into BBDD.Invoice (idInvoice, powerTransferedKW, paymentMethod, idTransaction, idEV_Owner) values (7, 293.26, 'PayPal', 7, 7);
insert into BBDD.Invoice (idInvoice, powerTransferedKW, paymentMethod, idTransaction, idEV_Owner) values (8, 67.73, 'debit card', 8, 3);
insert into BBDD.Invoice (idInvoice, powerTransferedKW, paymentMethod, idTransaction, idEV_Owner) values (9, 190.23, 'Google Pay', 9, 5);
insert into BBDD.Invoice (idInvoice, powerTransferedKW, paymentMethod, idTransaction, idEV_Owner) values (10, 181.54, 'debit card', 20, 8);
insert into BBDD.Invoice (idInvoice, powerTransferedKW, paymentMethod, idTransaction, idEV_Owner) values (11, 178.76, 'Google Pay', 21, 9);
insert into BBDD.Invoice (idInvoice, powerTransferedKW, paymentMethod, idTransaction, idEV_Owner) values (12, 191.84, 'credit card', 22, 3);
insert into BBDD.Invoice (idInvoice, powerTransferedKW, paymentMethod, idTransaction, idEV_Owner) values (13, 187.83, 'PayPal', 23, 7);
insert into BBDD.Invoice (idInvoice, powerTransferedKW, paymentMethod, idTransaction, idEV_Owner) values (14, 133.37, 'Apple Pay', 24, 10);
insert into BBDD.Invoice (idInvoice, powerTransferedKW, paymentMethod, idTransaction, idEV_Owner) values (15, 156.73, 'credit card', 25, 9);
insert into BBDD.Invoice (idInvoice, powerTransferedKW, paymentMethod, idTransaction, idEV_Owner) values (16, 190.23, 'Google Pay', 26, 11);
insert into BBDD.Invoice (idInvoice, powerTransferedKW, paymentMethod, idTransaction, idEV_Owner) values (17, 181.54, 'debit card', 27, 12);
insert into BBDD.Invoice (idInvoice, powerTransferedKW, paymentMethod, idTransaction, idEV_Owner) values (18, 178.76, 'Google Pay', 28, 13);
insert into BBDD.Invoice (idInvoice, powerTransferedKW, paymentMethod, idTransaction, idEV_Owner) values (19, 191.84, 'credit card', 29, 14);
insert into BBDD.Invoice (idInvoice, powerTransferedKW, paymentMethod, idTransaction, idEV_Owner) values (20, 187.83, 'PayPal', 30, 15);
insert into BBDD.Invoice (idInvoice, powerTransferedKW, paymentMethod, idTransaction, idEV_Owner) values (21, 156.73, 'credit card', 25, 9);
insert into BBDD.Invoice (idInvoice, powerTransferedKW, paymentMethod, idTransaction, idEV_Owner) values (22, 190.23, 'Google Pay', 26, 11);
insert into BBDD.Invoice (idInvoice, powerTransferedKW, paymentMethod, idTransaction, idEV_Owner) values (23, 181.54, 'debit card', 27, 12);
insert into BBDD.Invoice (idInvoice, powerTransferedKW, paymentMethod, idTransaction, idEV_Owner) values (24, 178.76, 'Google Pay', 28, 13);

insert into BBDD.Survey (idSurvey, experience_score, comments, idInvoice) values (1, 2, 'Vivamus vel nulla eget eros elementum pellentesque. Quisque porta volutpat erat. Quisque erat eros, viverra eget, congue eget, semper rutrum, nulla.', 2);
insert into BBDD.Survey (idSurvey, experience_score, comments, idInvoice) values (2, 2, 'Sed sagittis. Nam congue, risus semper porta volutpat, quam pede lobortis ligula, sit amet eleifend pede libero quis orci. Nullam molestie nibh in lectus. Pellentesque at nulla. Suspendisse potenti.', 5);
insert into BBDD.Survey (idSurvey, experience_score, comments, idInvoice) values (3, 10, 'Donec semper sapien a libero. Nam dui. Proin leo odio, porttitor id, consequat in, consequat ut, nulla. Sed accumsan felis. Ut at dolor quis odio consequat varius. Integer ac leo. Pellentesque ultrices mattis odio. Donec vitae nisi.', 7);
insert into BBDD.Survey (idSurvey, experience_score, comments, idInvoice) values (4, 7, 'Maecenas pulvinar lobortis est. Phasellus sit amet erat. Nulla tempus. Vivamus in felis eu sapien cursus vestibulum. Proin eu mi. Nulla ac enim. In tempor, turpis nec euismod scelerisque, quam turpis adipiscing lorem.', 9);
insert into BBDD.Survey (idSurvey, experience_score, comments, idInvoice) values (5, 10, 'Vivamus tortor. Duis mattis egestas metus. Aenean fermentum.', 15);
insert into BBDD.Survey (idSurvey, experience_score, comments, idInvoice) values (6, 8, 'Donec semper sapien a libero. Nam dui. Proin leo odio, porttitor id, consequat in, consequat ut, nulla. Sed accumsan felis. Ut at dolor quis odio consequat varius. Integer ac leo. Pellentesque ultrices mattis odio. Donec vitae nisi.', 11);
insert into BBDD.Survey (idSurvey, experience_score, comments, idInvoice) values (7, 5, 'Vivamus tortor. Duis mattis egestas metus. Aenean fermentum.', 12);

insert into BBDD.Log (idLog, idTransaction) values (1, 41);
insert into BBDD.Log (idLog, idTransaction) values (2, 12);
insert into BBDD.Log (idLog, idTransaction) values (3, 15);
insert into BBDD.Log (idLog, idTransaction) values (4, 27);
insert into BBDD.Log (idLog, idTransaction) values (5, 43);
insert into BBDD.Log (idLog, idTransaction) values (6, 31);
insert into BBDD.Log (idLog, idTransaction) values (7, 33);
insert into BBDD.Log (idLog, idTransaction) values (8, 13);
insert into BBDD.Log (idLog, idTransaction) values (9, 2);
insert into BBDD.Log (idLog, idTransaction) values (10, 37);
insert into BBDD.Log (idLog, idTransaction) values (11, 6);
insert into BBDD.Log (idLog, idTransaction) values (12, 4);
insert into BBDD.Log (idLog, idTransaction) values (13, 14);
insert into BBDD.Log (idLog, idTransaction) values (14, 25);
insert into BBDD.Log (idLog, idTransaction) values (15, 34);
insert into BBDD.Log (idLog, idTransaction) values (16, 50);
insert into BBDD.Log (idLog, idTransaction) values (17, 45);
insert into BBDD.Log (idLog, idTransaction) values (18, 36);
insert into BBDD.Log (idLog, idTransaction) values (19, 42);
insert into BBDD.Log (idLog, idTransaction) values (20, 35);

insert into BBDD.Log_entry (idLog_entry, trace_message, idLog, idLog_entry_previous) values (1, 'INFO: Request received', 1, null);
insert into BBDD.Log_entry (idLog_entry, trace_message, idLog, idLog_entry_previous) values (2, 'ERROR: Invalid input', 1, 1);
insert into BBDD.Log_entry (idLog_entry, trace_message, idLog, idLog_entry_previous) values (3, 'DEBUG: Processing data', 1, 2);
insert into BBDD.Log_entry (idLog_entry, trace_message, idLog, idLog_entry_previous) values (4, 'INFO: Request received', 2, null);
insert into BBDD.Log_entry (idLog_entry, trace_message, idLog, idLog_entry_previous) values (5, 'ERROR: Invalid input', 2, 4);
insert into BBDD.Log_entry (idLog_entry, trace_message, idLog, idLog_entry_previous) values (6, 'INFO: Request received', 3, null);
insert into BBDD.Log_entry (idLog_entry, trace_message, idLog, idLog_entry_previous) values (7, 'WARNING: Potential issue', 3, 6);
insert into BBDD.Log_entry (idLog_entry, trace_message, idLog, idLog_entry_previous) values (8, 'WARNING: Potential issue', 3, 7);
insert into BBDD.Log_entry (idLog_entry, trace_message, idLog, idLog_entry_previous) values (9, 'DEBUG: Processing data', 4, null);
insert into BBDD.Log_entry (idLog_entry, trace_message, idLog, idLog_entry_previous) values (10, 'ERROR: Invalid input', 5, null);
insert into BBDD.Log_entry (idLog_entry, trace_message, idLog, idLog_entry_previous) values (11, 'INFO: Request received', 6, null);
insert into BBDD.Log_entry (idLog_entry, trace_message, idLog, idLog_entry_previous) values (12, 'WARNING: Potential issue', 6, 11);
insert into BBDD.Log_entry (idLog_entry, trace_message, idLog, idLog_entry_previous) values (13, 'DEBUG: Processing data', 6, 12);
insert into BBDD.Log_entry (idLog_entry, trace_message, idLog, idLog_entry_previous) values (14, 'ERROR: Invalid input', 6, 13);
insert into BBDD.Log_entry (idLog_entry, trace_message, idLog, idLog_entry_previous) values (15, 'DEBUG: Processing data', 7, null);
insert into BBDD.Log_entry (idLog_entry, trace_message, idLog, idLog_entry_previous) values (16, 'INFO: Request received', 7, 15);
insert into BBDD.Log_entry (idLog_entry, trace_message, idLog, idLog_entry_previous) values (17, 'ERROR: Invalid input', 7, 16);
insert into BBDD.Log_entry (idLog_entry, trace_message, idLog, idLog_entry_previous) values (18, 'ERROR: Invalid input', 8, null);
insert into BBDD.Log_entry (idLog_entry, trace_message, idLog, idLog_entry_previous) values (19, 'ERROR: Invalid input', 7, 17);
insert into BBDD.Log_entry (idLog_entry, trace_message, idLog, idLog_entry_previous) values (20, 'INFO: Request received', 8, 18);
insert into BBDD.Log_entry (idLog_entry, trace_message, idLog, idLog_entry_previous) values (21, 'WARNING: Potential issue', 7, 19);
insert into BBDD.Log_entry (idLog_entry, trace_message, idLog, idLog_entry_previous) values (22, 'ERROR: Invalid input', 9, null);
insert into BBDD.Log_entry (idLog_entry, trace_message, idLog, idLog_entry_previous) values (23, 'WARNING: Potential issue', 9, 22);
insert into BBDD.Log_entry (idLog_entry, trace_message, idLog, idLog_entry_previous) values (24, 'ERROR: Invalid input', 10, null);
insert into BBDD.Log_entry (idLog_entry, trace_message, idLog, idLog_entry_previous) values (25, 'WARNING: Potential issue', 10, 24);
insert into BBDD.Log_entry (idLog_entry, trace_message, idLog, idLog_entry_previous) values (26, 'ERROR: Invalid input', 10, 25);
insert into BBDD.Log_entry (idLog_entry, trace_message, idLog, idLog_entry_previous) values (27, 'WARNING: Potential issue', 9, 23);
insert into BBDD.Log_entry (idLog_entry, trace_message, idLog, idLog_entry_previous) values (28, 'INFO: Request received', 8, 20);
insert into BBDD.Log_entry (idLog_entry, trace_message, idLog, idLog_entry_previous) values (29, 'WARNING: Potential issue', 11, null);
insert into BBDD.Log_entry (idLog_entry, trace_message, idLog, idLog_entry_previous) values (30, 'INFO: Request received', 11, 29);
insert into BBDD.Log_entry (idLog_entry, trace_message, idLog, idLog_entry_previous) values (31, 'WARNING: Potential issue', 11, 30);
insert into BBDD.Log_entry (idLog_entry, trace_message, idLog, idLog_entry_previous) values (32, 'ERROR: Invalid input', 12, null);
insert into BBDD.Log_entry (idLog_entry, trace_message, idLog, idLog_entry_previous) values (33, 'INFO: Request received', 12, 32);
insert into BBDD.Log_entry (idLog_entry, trace_message, idLog, idLog_entry_previous) values (34, 'ERROR: Invalid input', 12, 33);
insert into BBDD.Log_entry (idLog_entry, trace_message, idLog, idLog_entry_previous) values (35, 'WARNING: Potential issue', 13, null);
insert into BBDD.Log_entry (idLog_entry, trace_message, idLog, idLog_entry_previous) values (36, 'INFO: Request received', 15, null);
insert into BBDD.Log_entry (idLog_entry, trace_message, idLog, idLog_entry_previous) values (37, 'WARNING: Potential issue', 15, 36);
insert into BBDD.Log_entry (idLog_entry, trace_message, idLog, idLog_entry_previous) values (38, 'WARNING: Potential issue', 13, 35);
insert into BBDD.Log_entry (idLog_entry, trace_message, idLog, idLog_entry_previous) values (39, 'ERROR: Invalid input', 14, null);
insert into BBDD.Log_entry (idLog_entry, trace_message, idLog, idLog_entry_previous) values (40, 'WARNING: Potential issue', 14, 39);

insert into BBDD.belongs (idTransaction, idEVSE) values (34, 35);
insert into BBDD.belongs (idTransaction, idEVSE) values (11, 2);
insert into BBDD.belongs (idTransaction, idEVSE) values (16, 17);
insert into BBDD.belongs (idTransaction, idEVSE) values (6, 16);
insert into BBDD.belongs (idTransaction, idEVSE) values (49, 43);
insert into BBDD.belongs (idTransaction, idEVSE) values (19, 57);
insert into BBDD.belongs (idTransaction, idEVSE) values (45, 24);
insert into BBDD.belongs (idTransaction, idEVSE) values (38, 42);
insert into BBDD.belongs (idTransaction, idEVSE) values (43, 18);
insert into BBDD.belongs (idTransaction, idEVSE) values (22, 33);
insert into BBDD.belongs (idTransaction, idEVSE) values (39, 29);
insert into BBDD.belongs (idTransaction, idEVSE) values (10, 7);
insert into BBDD.belongs (idTransaction, idEVSE) values (1, 26);
insert into BBDD.belongs (idTransaction, idEVSE) values (18, 18);
insert into BBDD.belongs (idTransaction, idEVSE) values (20, 6);
insert into BBDD.belongs (idTransaction, idEVSE) values (45, 20);
insert into BBDD.belongs (idTransaction, idEVSE) values (27, 20);
insert into BBDD.belongs (idTransaction, idEVSE) values (36, 44);
insert into BBDD.belongs (idTransaction, idEVSE) values (50, 48);
insert into BBDD.belongs (idTransaction, idEVSE) values (12, 17);
insert into BBDD.belongs (idTransaction, idEVSE) values (19, 28);
insert into BBDD.belongs (idTransaction, idEVSE) values (34, 59);
insert into BBDD.belongs (idTransaction, idEVSE) values (11, 4);
insert into BBDD.belongs (idTransaction, idEVSE) values (40, 25);
insert into BBDD.belongs (idTransaction, idEVSE) values (26, 27);
insert into BBDD.belongs (idTransaction, idEVSE) values (36, 10);
insert into BBDD.belongs (idTransaction, idEVSE) values (22, 8);
insert into BBDD.belongs (idTransaction, idEVSE) values (10, 60);
insert into BBDD.belongs (idTransaction, idEVSE) values (2, 18);
insert into BBDD.belongs (idTransaction, idEVSE) values (43, 20);
insert into BBDD.belongs (idTransaction, idEVSE) values (38, 2);
insert into BBDD.belongs (idTransaction, idEVSE) values (17, 35);
insert into BBDD.belongs (idTransaction, idEVSE) values (22, 42);
insert into BBDD.belongs (idTransaction, idEVSE) values (32, 5);
insert into BBDD.belongs (idTransaction, idEVSE) values (45, 13);
insert into BBDD.belongs (idTransaction, idEVSE) values (6, 31);
insert into BBDD.belongs (idTransaction, idEVSE) values (11, 3);
insert into BBDD.belongs (idTransaction, idEVSE) values (30, 47);
insert into BBDD.belongs (idTransaction, idEVSE) values (31, 11);
insert into BBDD.belongs (idTransaction, idEVSE) values (1, 42);
insert into BBDD.belongs (idTransaction, idEVSE) values (18, 58);
insert into BBDD.belongs (idTransaction, idEVSE) values (2, 53);
insert into BBDD.belongs (idTransaction, idEVSE) values (36, 28);
insert into BBDD.belongs (idTransaction, idEVSE) values (18, 6);
insert into BBDD.belongs (idTransaction, idEVSE) values (18, 11);
insert into BBDD.belongs (idTransaction, idEVSE) values (29, 59);
insert into BBDD.belongs (idTransaction, idEVSE) values (2, 5);
insert into BBDD.belongs (idTransaction, idEVSE) values (3, 13);
insert into BBDD.belongs (idTransaction, idEVSE) values (4, 31);
insert into BBDD.belongs (idTransaction, idEVSE) values (5, 3);
insert into BBDD.belongs (idTransaction, idEVSE) values (25, 47);
insert into BBDD.belongs (idTransaction, idEVSE) values (7, 11);
insert into BBDD.belongs (idTransaction, idEVSE) values (8, 42);
insert into BBDD.belongs (idTransaction, idEVSE) values (9, 58);
insert into BBDD.belongs (idTransaction, idEVSE) values (20, 53);
insert into BBDD.belongs (idTransaction, idEVSE) values (21, 28);
insert into BBDD.belongs (idTransaction, idEVSE) values (22, 6);
insert into BBDD.belongs (idTransaction, idEVSE) values (23, 11);
insert into BBDD.belongs (idTransaction, idEVSE) values (24, 59);
insert into BBDD.belongs (idTransaction, idEVSE) values (25, 20);
insert into BBDD.belongs (idTransaction, idEVSE) values (26, 2);
insert into BBDD.belongs (idTransaction, idEVSE) values (27, 35);
insert into BBDD.belongs (idTransaction, idEVSE) values (28, 42);
insert into BBDD.belongs (idTransaction, idEVSE) values (29, 5);
insert into BBDD.belongs (idTransaction, idEVSE) values (30, 13);